{
  "benchmark": {
    "name": "graphrag_eval_v1",
    "runs": 30,
    "warmups": 5,
    "concurrency": 4,
    "timeout_s": 30.0,
    "seed": 42,
    "output_dir": "results",
    "metadata": {
      "cache_policy": "warm cache after warmups; no manual cache drops",
      "vector_dimension": 32,
      "distance_metric": "cosine",
      "index_params": {
        "neo4j": {
          "index": "vector",
          "params": {
            "vector.dimensions": 32,
            "vector.similarity_function": "cosine"
          }
        },
        "kuzu": {
          "index": "hnsw",
          "params": {
            "m": 16,
            "ef_construction": 200,
            "ef_search": 100
          }
        },
        "lance_graph": {
          "index": "ivf_pq",
          "params": {
            "nlist": 1024,
            "pq_m": 16,
            "nprobe": 32
          }
        }
      }
    }
  },
  "system": {
    "platform": "Linux-6.6.97+-x86_64-with-glibc2.36",
    "python": "3.11.2",
    "cpu_count": 96,
    "memory_total_mb": 386939.97265625
  },
  "reports": [
    {
      "engine": "kuzu_local",
      "query": "hybrid_search",
      "tags": [
        "hybrid",
        "vector",
        "traversal"
      ],
      "stats": {
        "count": 30,
        "mean_ms": 2.7803936352332435,
        "stdev_ms": 1.2046688092733682,
        "min_ms": 1.343730022199452,
        "max_ms": 6.024069967679679,
        "p50_ms": 3.3737350022420287,
        "p95_ms": 3.8663489947794005,
        "p99_ms": 5.406158278929071
      },
      "errors": 0,
      "expect_failures": 0
    },
    {
      "engine": "kuzu_local",
      "query": "local_search_2hop",
      "tags": [
        "local",
        "traversal"
      ],
      "stats": {
        "count": 30,
        "mean_ms": 5.746967104884486,
        "stdev_ms": 1.3295581896500122,
        "min_ms": 3.6160399904474616,
        "max_ms": 7.63115898007527,
        "p50_ms": 5.535939504625276,
        "p95_ms": 7.540531494305469,
        "p99_ms": 7.623633777257055
      },
      "errors": 0,
      "expect_failures": 0
    },
    {
      "engine": "kuzu_local",
      "query": "parent_child_enrichment",
      "tags": [
        "context",
        "parent"
      ],
      "stats": {
        "count": 30,
        "mean_ms": 2.651870964715878,
        "stdev_ms": 1.076025803953056,
        "min_ms": 1.32661999668926,
        "max_ms": 3.8680899888277054,
        "p50_ms": 3.330809995532036,
        "p95_ms": 3.771045559551566,
        "p99_ms": 3.858543480746448
      },
      "errors": 0,
      "expect_failures": 0
    },
    {
      "engine": "kuzu_local",
      "query": "global_search",
      "tags": [
        "global",
        "aggregation"
      ],
      "stats": {
        "count": 30,
        "mean_ms": 2.550561299237112,
        "stdev_ms": 0.9962172283718636,
        "min_ms": 1.3331400114111602,
        "max_ms": 4.010119999293238,
        "p50_ms": 2.5335749960504472,
        "p95_ms": 3.8493630214361474,
        "p99_ms": 3.9738700102316216
      },
      "errors": 0,
      "expect_failures": 0
    },
    {
      "engine": "lance_graph_local",
      "query": "hybrid_search",
      "tags": [
        "hybrid",
        "vector",
        "traversal"
      ],
      "stats": {
        "count": 30,
        "mean_ms": 2.7208013304819665,
        "stdev_ms": 0.1664836257432138,
        "min_ms": 2.4271599831990898,
        "max_ms": 3.1943100038915873,
        "p50_ms": 2.704120008274913,
        "p95_ms": 3.01716708636377,
        "p99_ms": 3.1477998109767213
      },
      "errors": 0,
      "expect_failures": 0
    },
    {
      "engine": "lance_graph_local",
      "query": "local_search_2hop",
      "tags": [
        "local",
        "traversal"
      ],
      "stats": {
        "count": 30,
        "mean_ms": 3.7793667385509857,
        "stdev_ms": 0.16734132021876266,
        "min_ms": 3.4522490459494293,
        "max_ms": 4.2132799862883985,
        "p50_ms": 3.773289528908208,
        "p95_ms": 4.0015045466134325,
        "p99_ms": 4.155975988833234
      },
      "errors": 0,
      "expect_failures": 0
    },
    {
      "engine": "lance_graph_local",
      "query": "parent_child_enrichment",
      "tags": [
        "context",
        "parent"
      ],
      "stats": {
        "count": 30,
        "mean_ms": 2.4565479058461883,
        "stdev_ms": 0.2072600308032577,
        "min_ms": 2.1977999713271856,
        "max_ms": 3.2597800018265843,
        "p50_ms": 2.4014250084292144,
        "p95_ms": 2.72369550075382,
        "p99_ms": 3.1127732066670437
      },
      "errors": 0,
      "expect_failures": 0
    },
    {
      "engine": "lance_graph_local",
      "query": "global_search",
      "tags": [
        "global",
        "aggregation"
      ],
      "stats": {
        "count": 30,
        "mean_ms": 1.4458533318247646,
        "stdev_ms": 0.08097777156633149,
        "min_ms": 1.3101199874654412,
        "max_ms": 1.5916709671728313,
        "p50_ms": 1.4404750254470855,
        "p95_ms": 1.5833059907890856,
        "p99_ms": 1.5908528841100633
      },
      "errors": 0,
      "expect_failures": 0
    }
  ]
}