{
  "benchmark": {
    "name": "graphrag_eval_v1",
    "runs": 30,
    "warmups": 5,
    "concurrency": 4,
    "timeout_s": 30.0,
    "seed": 42,
    "output_dir": "results",
    "metadata": {
      "cache_policy": "warm cache after warmups; no manual cache drops",
      "vector_dimension": 32,
      "distance_metric": "cosine",
      "index_params": {
        "neo4j": {
          "index": "vector",
          "params": {
            "vector.dimensions": 32,
            "vector.similarity_function": "cosine"
          }
        },
        "kuzu": {
          "index": "hnsw",
          "params": {
            "m": 16,
            "ef_construction": 200,
            "ef_search": 100
          }
        },
        "lance_graph": {
          "index": "ivf_pq",
          "params": {
            "nlist": 1024,
            "pq_m": 16,
            "nprobe": 32
          }
        }
      }
    }
  },
  "system": {
    "platform": "Linux-6.6.97+-x86_64-with-glibc2.36",
    "python": "3.11.2",
    "cpu_count": 96,
    "memory_total_mb": 386939.97265625
  },
  "reports": [
    {
      "engine": "kuzu_local",
      "query": "hybrid_search",
      "tags": [
        "hybrid",
        "vector",
        "traversal"
      ],
      "stats": {
        "count": 30,
        "mean_ms": 2.6629139649836966,
        "stdev_ms": 1.0008882645020238,
        "min_ms": 1.3285499881021678,
        "max_ms": 5.414500017650425,
        "p50_ms": 2.7500599971972406,
        "p95_ms": 3.826199501054361,
        "p99_ms": 4.970164913684131
      },
      "errors": 0,
      "expect_failures": 0
    },
    {
      "engine": "kuzu_local",
      "query": "local_search_2hop",
      "tags": [
        "local",
        "traversal"
      ],
      "stats": {
        "count": 30,
        "mean_ms": 6.305128735645364,
        "stdev_ms": 1.4652666664806022,
        "min_ms": 2.9241589945741,
        "max_ms": 7.878730015363544,
        "p50_ms": 6.963950028875843,
        "p95_ms": 7.75735548522789,
        "p99_ms": 7.852302306564525
      },
      "errors": 0,
      "expect_failures": 30
    },
    {
      "engine": "kuzu_local",
      "query": "parent_child_enrichment",
      "tags": [
        "context",
        "parent"
      ],
      "stats": {
        "count": 30,
        "mean_ms": 2.4145580323723457,
        "stdev_ms": 1.0892252647913319,
        "min_ms": 1.3215200160630047,
        "max_ms": 3.9140600129030645,
        "p50_ms": 1.7447250138502568,
        "p95_ms": 3.7663575523765758,
        "p99_ms": 3.8743271108251065
      },
      "errors": 0,
      "expect_failures": 0
    },
    {
      "engine": "kuzu_local",
      "query": "global_search",
      "tags": [
        "global",
        "aggregation"
      ],
      "stats": {
        "count": 30,
        "mean_ms": 1.9369822985026985,
        "stdev_ms": 0.8372135272853332,
        "min_ms": 1.3046800158917904,
        "max_ms": 3.7500199978239834,
        "p50_ms": 1.4784449886064976,
        "p95_ms": 3.656358472653664,
        "p99_ms": 3.7414504832122475
      },
      "errors": 0,
      "expect_failures": 0
    },
    {
      "engine": "lance_graph_local",
      "query": "hybrid_search",
      "tags": [
        "hybrid",
        "vector",
        "traversal"
      ],
      "stats": {
        "count": 30,
        "mean_ms": 2.7075639324417957,
        "stdev_ms": 0.13147870328067413,
        "min_ms": 2.4720499641261995,
        "max_ms": 2.937600016593933,
        "p50_ms": 2.7327949937898666,
        "p95_ms": 2.9005560092628,
        "p99_ms": 2.9362428130116314
      },
      "errors": 0,
      "expect_failures": 0
    },
    {
      "engine": "lance_graph_local",
      "query": "local_search_2hop",
      "tags": [
        "local",
        "traversal"
      ],
      "stats": {
        "count": 0,
        "mean_ms": 0.0,
        "stdev_ms": 0.0,
        "min_ms": 0.0,
        "max_ms": 0.0,
        "p50_ms": 0.0,
        "p95_ms": 0.0,
        "p99_ms": 0.0
      },
      "errors": 30,
      "expect_failures": 0
    },
    {
      "engine": "lance_graph_local",
      "query": "parent_child_enrichment",
      "tags": [
        "context",
        "parent"
      ],
      "stats": {
        "count": 30,
        "mean_ms": 2.456416162506988,
        "stdev_ms": 0.09873256002388173,
        "min_ms": 2.2815599804744124,
        "max_ms": 2.6525300345383584,
        "p50_ms": 2.4592549889348447,
        "p95_ms": 2.6098374917637557,
        "p99_ms": 2.6417478267103434
      },
      "errors": 0,
      "expect_failures": 0
    },
    {
      "engine": "lance_graph_local",
      "query": "global_search",
      "tags": [
        "global",
        "aggregation"
      ],
      "stats": {
        "count": 30,
        "mean_ms": 1.4825897407718003,
        "stdev_ms": 0.05800501890142804,
        "min_ms": 1.3617699733003974,
        "max_ms": 1.6389100346714258,
        "p50_ms": 1.4892850304022431,
        "p95_ms": 1.5716150461230425,
        "p99_ms": 1.627707340521738
      },
      "errors": 0,
      "expect_failures": 0
    }
  ]
}