{
  "benchmark": {
    "name": "graphrag_eval_v1",
    "runs": 30,
    "warmups": 5,
    "concurrency": 4,
    "timeout_s": 30.0,
    "seed": 42,
    "output_dir": "results",
    "metadata": {
      "cache_policy": "warm cache after warmups; no manual cache drops",
      "vector_dimension": 32,
      "distance_metric": "cosine",
      "index_params": {
        "neo4j": {
          "index": "vector",
          "params": {
            "vector.dimensions": 32,
            "vector.similarity_function": "cosine"
          }
        },
        "kuzu": {
          "index": "hnsw",
          "params": {
            "m": 16,
            "ef_construction": 200,
            "ef_search": 100
          }
        },
        "lance_graph": {
          "index": "ivf_pq",
          "params": {
            "nlist": 1024,
            "pq_m": 16,
            "nprobe": 32
          }
        }
      }
    }
  },
  "system": {
    "platform": "Linux-6.6.97+-x86_64-with-glibc2.36",
    "python": "3.11.2",
    "cpu_count": 96,
    "memory_total_mb": 386939.97265625
  },
  "reports": [
    {
      "engine": "neo4j_local",
      "query": "hybrid_search",
      "tags": [
        "hybrid",
        "vector",
        "traversal"
      ],
      "stats": {
        "count": 30,
        "mean_ms": 4.53272326849401,
        "stdev_ms": 2.1115012298794444,
        "min_ms": 2.677520038560033,
        "max_ms": 12.06040004035458,
        "p50_ms": 3.9293844893109053,
        "p95_ms": 9.129306487739079,
        "p99_ms": 11.532513021375054
      },
      "errors": 0,
      "expect_failures": 0
    },
    {
      "engine": "neo4j_local",
      "query": "local_search_2hop",
      "tags": [
        "local",
        "traversal"
      ],
      "stats": {
        "count": 30,
        "mean_ms": 3.693368163658306,
        "stdev_ms": 0.8461760392488714,
        "min_ms": 2.263820031657815,
        "max_ms": 6.451799999922514,
        "p50_ms": 3.5151795018464327,
        "p95_ms": 4.887014545965939,
        "p99_ms": 6.04445729404688
      },
      "errors": 0,
      "expect_failures": 0
    },
    {
      "engine": "neo4j_local",
      "query": "parent_child_enrichment",
      "tags": [
        "context",
        "parent"
      ],
      "stats": {
        "count": 30,
        "mean_ms": 3.943432638576875,
        "stdev_ms": 0.8378401444038474,
        "min_ms": 2.390699984971434,
        "max_ms": 6.227470003068447,
        "p50_ms": 3.785445005632937,
        "p95_ms": 5.492822479573077,
        "p99_ms": 6.104121395619586
      },
      "errors": 0,
      "expect_failures": 0
    },
    {
      "engine": "neo4j_local",
      "query": "global_search",
      "tags": [
        "global",
        "aggregation"
      ],
      "stats": {
        "count": 30,
        "mean_ms": 3.5741971631068736,
        "stdev_ms": 0.720800406146501,
        "min_ms": 2.3905200068838894,
        "max_ms": 5.508870002813637,
        "p50_ms": 3.288894484285265,
        "p95_ms": 4.749724495923147,
        "p99_ms": 5.292083409731277
      },
      "errors": 0,
      "expect_failures": 0
    },
    {
      "engine": "kuzu_local",
      "query": "hybrid_search",
      "tags": [
        "hybrid",
        "vector",
        "traversal"
      ],
      "stats": {
        "count": 0,
        "mean_ms": 0.0,
        "stdev_ms": 0.0,
        "min_ms": 0.0,
        "max_ms": 0.0,
        "p50_ms": 0.0,
        "p95_ms": 0.0,
        "p99_ms": 0.0
      },
      "errors": 30,
      "expect_failures": 0
    },
    {
      "engine": "kuzu_local",
      "query": "local_search_2hop",
      "tags": [
        "local",
        "traversal"
      ],
      "stats": {
        "count": 30,
        "mean_ms": 3.174712931892524,
        "stdev_ms": 1.63263294754444,
        "min_ms": 1.8483400344848633,
        "max_ms": 9.16973000857979,
        "p50_ms": 2.605515473987907,
        "p95_ms": 5.441620943020094,
        "p99_ms": 8.254330205963928
      },
      "errors": 0,
      "expect_failures": 30
    },
    {
      "engine": "kuzu_local",
      "query": "parent_child_enrichment",
      "tags": [
        "context",
        "parent"
      ],
      "stats": {
        "count": 0,
        "mean_ms": 0.0,
        "stdev_ms": 0.0,
        "min_ms": 0.0,
        "max_ms": 0.0,
        "p50_ms": 0.0,
        "p95_ms": 0.0,
        "p99_ms": 0.0
      },
      "errors": 30,
      "expect_failures": 0
    },
    {
      "engine": "kuzu_local",
      "query": "global_search",
      "tags": [
        "global",
        "aggregation"
      ],
      "stats": {
        "count": 30,
        "mean_ms": 2.455081967248892,
        "stdev_ms": 1.1752513104926623,
        "min_ms": 1.3924100203439593,
        "max_ms": 4.413729999214411,
        "p50_ms": 1.7607000190764666,
        "p95_ms": 4.233952003414743,
        "p99_ms": 4.363583198864944
      },
      "errors": 0,
      "expect_failures": 0
    },
    {
      "engine": "lance_graph_local",
      "query": "hybrid_search",
      "tags": [
        "hybrid",
        "vector",
        "traversal"
      ],
      "stats": {
        "count": 30,
        "mean_ms": 2.5807483684426793,
        "stdev_ms": 0.09914061576758308,
        "min_ms": 2.404319995548576,
        "max_ms": 2.7623389614745975,
        "p50_ms": 2.578309999080375,
        "p95_ms": 2.7236899855779484,
        "p99_ms": 2.751365652657114
      },
      "errors": 0,
      "expect_failures": 0
    },
    {
      "engine": "lance_graph_local",
      "query": "local_search_2hop",
      "tags": [
        "local",
        "traversal"
      ],
      "stats": {
        "count": 30,
        "mean_ms": 2.5761549981931844,
        "stdev_ms": 0.14082928996587876,
        "min_ms": 2.3043599794618785,
        "max_ms": 2.875260019209236,
        "p50_ms": 2.5332249933853745,
        "p95_ms": 2.8621210338314995,
        "p99_ms": 2.873749121208675
      },
      "errors": 0,
      "expect_failures": 0
    },
    {
      "engine": "lance_graph_local",
      "query": "parent_child_enrichment",
      "tags": [
        "context",
        "parent"
      ],
      "stats": {
        "count": 30,
        "mean_ms": 2.2966469366413853,
        "stdev_ms": 0.08282681193789634,
        "min_ms": 2.093690971378237,
        "max_ms": 2.44959001429379,
        "p50_ms": 2.289560012286529,
        "p95_ms": 2.438023022841662,
        "p99_ms": 2.4494798202067614
      },
      "errors": 0,
      "expect_failures": 0
    },
    {
      "engine": "lance_graph_local",
      "query": "global_search",
      "tags": [
        "global",
        "aggregation"
      ],
      "stats": {
        "count": 30,
        "mean_ms": 1.26258553743052,
        "stdev_ms": 0.05166905030928093,
        "min_ms": 1.1668099905364215,
        "max_ms": 1.3991199666634202,
        "p50_ms": 1.262935489648953,
        "p95_ms": 1.3350295484997332,
        "p99_ms": 1.3816822756780311
      },
      "errors": 0,
      "expect_failures": 0
    }
  ]
}